auth.agree_with;Es gelten unsere Allgemeinen Geschäftsbedingungen. Unsere Datenschutzerklärung finden sie hier.;I agree with the terms of Use & Provacy Policy;Concordo com os termos da Política de Uso e Privacidade
auth.already_have_an_account;Sie haben bereits ein Konto?;Already have an account?;Já tem uma conta?
auth.change_password;Passwort ändern;change password;Alterar Senha
auth.check_your_email;Check deine E-Mails;Check your email;Verifique seu e-mail
auth.continue_apple;Weiter mit Apple;Continue with Apple;Continuar com Apple
auth.continue_google;Weiter mit Google;Continue with Google;Continuar com Google
auth.current_password;Aktuelles Passwort;Current password;Senha atual
auth.delete_my_account;Meinen Account löschen;Delete my account;Apagar a minha conta
auth.delete_your_account_description;Sie werden all Ihren Fortschritt und Ihre Daten verlieren.;You will lose all your progress and data.;Você perderá todo o seu progresso e dados.
auth.delete_your_account_question;Konto löschen?;Delete your account;Excluir sua conta
auth.delete_your_account;Konto löschen;Delete your account?;Excluir sua conta?
auth.deleted_account;Dein Konto wurde gelöscht;Your account has been deleted;A sua conta foi deletada
auth.disabled_account;Dein Konto wurde deaktiviert, bitte versuche es zu einem späteren Zeitpunkt erneut.;Your account has been disabled, please try again later;A sua conta foi desativada, tente novamente mais tarde
auth.dont_have_an_acount;Sie haben noch kein Konto?;Dont have an account?;Não tem uma conta?
auth.email_is_already_in_use;Die eingegebene Adresse ist bereits registriert;The email address is already in use by another account;O endereço de e-mail já está sendo utilizado por outra conta
auth.email;E-Mail;E-Mail;e-mail
auth.enter_current_password;aktuelles Passwort eingeben;enter current password;Inserir senha atual
auth.enter_email;Email eingeben;Enter Email;Inserir E-mail
auth.enter_new_password;neues Passwort eingeben;enter new password;Inserir nova senha
auth.enter_password;Passwort eingeben;Enter Password;Inserir senha
auth.enter_your_email_to_get_the_reset_link;Geben Sie Ihre E-Mail-Adresse ein, um den Link zum Zurücksetzen zu erhalten;Enter your email to get the reset link;Digite seu e-mail para obter o link de redefinição
auth.field_is_required;Bitte Felder ausfüllen;Field is required;O Campo Loja é obrigatório
auth.forgot_password;Passwort vergessen?;Forgot password?;Esqueceu sua senha?
auth.incorrect_email_or_password;Email oder Passwort ungültig;Incorrect email or password;E-mail ou palavra-chave incorretos
auth.invalid_age;ungültiges Alter;invalid age;Idade inválida
auth.invalid_email_address;ungültige Email Adresse;Invalid email address;Endereço de e-mail inválido
auth.invalid_password;falsches Passwort;Invalid password;Senha inválida
auth.login;Einloggen;Log In;Iniciar Sessão
auth.logout;ausloggen;Log Out;Sair
auth.new_assword;Neues Passwort;New password;Nova senha
auth.or;Oder;Or;Ou
auth.password_must_contain_lowercase;Passwort muss Großbuchstaben, Kleinbuchstaben, Nummern, Sonderzeichen (#,$,@,!,_,%,&,*,?) beinhalten und mind. aus 8 Stellen umfassen.;Password must contain lowercase, uppercase, number, special character (#,$,@,!,_,%,&,*,?) and at least 8 characters in length;A palavra-chave deve conter letras minúsculas, maiúsculas, números, caracteres especiais (#,$,@,!,_,%,&,*,?) e pelo menos 8 caracteres
auth.password;Passwort;Password;Senha
auth.repeat_new_password;neues Passwort wiederholen;repeat new password;Repetir nova senha
auth.repeat_password;Passwort wiederholen;Repeat Password;Repetir Senha
auth.send_link;Link senden;Send link;Enviar Link
auth.signup;Anmeldung;Sign Up;Inscreva-se
auth.something_went_wrong;uups da ist wohl etas falsch gelaufen;Something went wrong;Algo deu errado
auth.terms_of_policy;Unsere Datenschutzerklärung finden sie hier;Terms of Use & Provacy Policy;Termos da Política de Uso e Privacidade
auth.user_not_found;Benutzername nicht gefunden;User not found;Usuário não encontrado
auth.username;Benutzer-Name;Username;Nome do usuário
books.books;Bücher;Books;Livros
books.description;Beschreibung;Description;Descrição
books.recommended;empfohlen für dich;recommended for you;Recomendado para você
books.see_more;Mehr entdecken;See more;Ver mais
books.title;Literatur;literature;Literatura
categories.categories;Kategorie;categories;Categorias
categories.favourites;Favoriten;favourites;Favoritos
categories.lockPopupText;Um die nächste Stufe freizuschalten, müssen Sie die Fragen und Herausforderungen im aktuellen Schritt vollständig beantworten und beherrschen. Dieser Ansatz (4 Schritte zur Liebe) ist so konzipiert, dass Sie nicht vorzeitig weiterkommen, damit Sie den maximalen therapeutischen Effekt aus jeder Stufe ziehen können.;In order to unlock the next stage, you need to fully answer and master the questions and challenges in the current step. This approach (4-Steps to Love) is designed to ensure you don’t move forward prematurely, so you can get the maximum therapeutic effect from each stage.;Para desbloquear a próxima etapa, você precisa responder e dominar completamente as perguntas e desafios no passo atual. Esta abordagem (4 Passos para o Amor) é projetada para garantir que você não avance prematuramente, para que possa obter o máximo efeito terapêutico de cada estágio.
categories.lockPopupTitle;Tut mir leid, die Kategorie ist gesperrt.;Sorry, the category is locked;Desculpe, a categoria está bloqueada.
challenge.favourite_Challenges;Favourite Challenges;Favourite Challenges;Favourite Challenges
challenge.group_info_title;Info;Info;Info
challenge.group_instructions_title;Anweisungen;Instructions;Instruções
challenge.hop_to_the_challenges;Spring zu den Herausforderungen;Hop to the Challenges;Pule para os Desafios
challenge.lockedPopupText;Um die nächste Stufe freizuschalten, müssen Sie die Fragen und Herausforderungen des aktuellen Schrittes vollständig beantworten und beherrschen. Dieser Ansatz (4 Schritte zur Liebe) ist so konzipiert, dass Sie nicht vorzeitig weitergehen, damit Sie den maximalen therapeutischen Effekt aus jeder Stufe ziehen können.;In order to unlock the next stage, you need to fully answer and master the questions and challenges in the current step. This approach (4-Steps to Love) is designed to ensure you don’t move forward prematurely, so you can get the maximum therapeutic effect from each stage.;Para desbloquear a próxima etapa, você precisa responder e dominar completamente as perguntas e desafios do passo atual. Esta abordagem (4 Passos para o Amor) é projetada para garantir que você não avance prematuramente, para que possa obter o máximo efeito terapêutico de cada estágio.
challenge.lockedPopupTitle;Entschuldigung, diese Herausforderungen sind noch gesperrt.;Sorry, these challenges are still locked;Desculpe, estes desafios ainda estão bloqueados.
challenge.specialChallengeTitle;Sonderangebote;Specials;Promoções
challenge.tab_core;Kern;Core;Núcleo
challenge.tab_special;Spezial;Special;Especial
challenge.title;Challenges;Challenges;Desafios
common._each_session;*Jede Sitzung schliesst mit einer Challenge ab, betrachtet Sie als eine Art Hausaufgabe oder als ein neues Werkzeug, dass ihr in Zukunft benutzen könnt.;*Each session concludes with a challenge, think of it as a homework assignment or a new tool you can use in the future.;*Cada sessão termina com um desafio, pense nele como uma tarefa de casa ou uma nova ferramenta que você poderá usar no futuro.
common.a_lot;Sehr viel;A lot;Muito
common.about_the_app;Über die App;About the app;Sobre o aplicativo
common.acing_this_next_question;Gut gemeistert! Nächste Frage wartet schon;You’re acing this! Next question awaits;Você está ganhando esta! A próxima pergunta o aguarda
common.add_categories;Kategorie hinzufügen;add categories;Adicionar Categoria
common.add_category;Kategorie hinzufügen;add category;Adicionar categoria
common.age;Alter;Age;Idade
common.all_in_one;All in one;all in one;Tudo em um
common.amazing_do_this;Cool, legen wir los;Amazing, lets do it;Incrível, vamos lá
common.any_proposition;Mit Vorschlägen oder echtem Feedback können wir das Erlebnis für Euch noch besser machen;Any propositions or your genuine feedback will allow us to make the experience even better for you;Com sugestões ou feedback real, podemos tornar a experiência ainda melhor para vocês.
common.appreciation;Wertschätzung;appreciation;Admiração
common.are_you_sure_to_delete_account;Sind Sie sicher, dass Sie Ihr Konto dauerhaft löschen möchten?;Are you sure, that you want to permanently erase your Account? ;Tem certeza de que deseja apagar permanentemente sua conta?
common.basic;Basic;Basic;Básico
common.begin_session;Sitzung Beginnen;Begin Session;Iniciar sessão
common.buy_now;Jetzt kaufen;buy now;Comprar agora
common.cancel;abbrechen;Cancel;Cancelar
common.category_1;Kategorie;category 1;Categoria 1
common.challenge_background;Hintergund zur Challenge;Challenge background;Contexto do desafio
common.challenge;Challenge;Challenge;Desafio
common.collapse;Einklappen;Collapse;Colapso
common.communication_and_resolution;Kommunikation & Konfliktbewältigung;Communication & Conflict resolution;Comunicação e resolução de conflitos
common.confirm;Bitte bestätigen;confirm;Confirmar
common.continue_where_you_left;Weiterspielen, wo wir aufgehört haben;Continue where you left off;Continue de onde você parou
common.continue;weiter;continue;Continuar
common.create_new_category;Neue Kategorie hinzufügen;create a new category;Criar uma nova categoria
common.create_safe_attachment;stabilere Bindung aufbauen;Create safe attachment;Criar ligação segura
common.deep;Deep;Deep;Profundo
common.delete;Löschen;Delete;Deletar
common.did_you_find_question;Fandet Ihr die Fragen relevant für Eure Beziehung? ;Did you find the Questions relevant to your relationship?;Acharam as perguntas relevantes para o relacionamento de vocês?
common.difficult;Schwierig;Difficult;Difíceis
common.doing_great_proceed;Ihr macht das großartig! Weitermachen;You’re doing great! Proceed;Você está indo muito bem! Prossiga
common.dont_show_again_message;Diese Nachricht nicht noch einmal anzeigen;Dont show this message again;Não mostrar esta mensagem novamente
common.dont_show_again;Nicht mehr zeigen;Don’t Show Again;Não mostrar de novo
common.early_bird;early Bird - 30% Rabatt;early Bird - 30% off;Early Bird - 30% de desconto
common.easy;Leicht;Easy;Fácil
common.enter_category_title;Name für Kategorie eingeben;enter a category title;Insira um título de categoria
common.enter_email_to_reset;Geben Sie Ihre E-Mail-Adresse ein, um das Passwort zurückzusetzen;Enter your email to reset password.;Insira seu e-mail para redefinir sua senha
common.enter_your_data;bitte gib deine Daten ein;Enter your data;Insira os seus dados
common.explore_more;Wollt ihr mehr tun?;Want to explore more?;Quer fazer mais?
common.fantastic;Fantastisch!;Fantastic!;Fantástico!
common.finished_1_5;Ihr habt Eure 1. von 5 Sitzungen im Level Basic abgeschlossen;You’ve finished your 1st of 5 sessions in the Basic level;Vocês concluíram a primeira das 5 sessões do nível Básico.
common.first_start;Start;First Start;Primeiro início
common.get_full_access;Holen Sie sich jetzt den vollen Zugang und fangen sie bereits heute an ihr Beziehung zu verbessern.;Get full access now and improve your realtionship starting from today.;Obtenha acesso total agora e melhore seu relacionamento a partir de hoje.
common.get_the_annual_plan;Holen sie sich den jährlichen Zahlungsplan und bekommen sie 12 Monate für den Preis von 10.;Get the annual payment plan and get 12 months for the price of 10.;Adquira o plano de pagamento anual e pague somente por 10 meses!
common.go_back;zurück;Go back;Voltar
common.got_it;Habe es;Got it;Entendi
common.hated_it;Wir haben es gehasst;Hated it;Odiei
common.hot;Hot;Hot;Quente
common.how_are_we_today;Wie geht es uns heute?;How are we today?;Como estamos hoje?
common.how_difficult_would_you_rate;Wie schwierig würdet Ihr die Fragen in dieser Sitzung einstufen?;How difficult would you rate the Questions in this session?;Qual o grau de dificuldade que vocês classificariam para as perguntas desta sessão?
common.how_much_do_you_thing_challenge;Wie sehr glaubt Ihr, dass diese Challenge Euch in Zukunft helfen wird?;How much do you think this Challenge will help you in future?;O quanto vocês acham que esse desafio ajudará vocês no futuro?
common.how_much_enjoy_level;Wie sehr hat Euch das gesamte Level gefallen?;How much did you enjoy the whole Level?;O quanto vocês gostaram do nível inteiro?
common.how_much_enjoy_quadrant;Wie sehr hat Euch der gesamte Quadrant gefallen?;How much did you enjoy the whole Quadrant?;O quanto vocês gostaram de todo o Quadrante?
common.how_much_enjoy_session;Wie sehr hat Euch die gesamte Sitzung gefallen?;How much did you enjoy the whole Session?;O quanto vocês gostaram da sessão inteira?
common.intimacy_level;Intimitäts-Level;Intimacy level;Nível de intimidade
common.intimate;Intim ;Intimate;Íntimo
common.lets_dive_into_session;Lasst und gleich in Eure erste Sitzung eintauchen.;Let’s dive into your first session;Vamos nos aprofundar em sua primeira sessão
common.lets_do_this_challenge;Auf geht's zu dieser Herausforderung;Let’s do this challenge;Vamos fazer esse desafio
common.lets_do_this;Los geht’s!;Let’s do this;Vamos fazer isso
common.lets_start;Lass loslegen;Let’s Start;Vamos começar
common.light_mode;heller Modus;Light mode;Modo de luz
common.loading;laden;loading;carregando
common.long_question_1;Von 10 (ich fühle mich großartig) bis 1 (lass mich in Ruhe). Für alles unterhalb von 7: Gönn dir eine Pause und verschiebe die Sitzung auf einen anderen Tag. PS: Schalte dein Handy in den Flugmodus, um Ablenkungen zu vermeiden.;From 10 (I feel great) to 1 (leave me alone). For anything below 7: give yourself a break and postpone the session to another day. PS: Switch your cell phone to airplane mode to avoid distractions.;De 10 (estou me sentindo ótimo) a 1 (deixe-me em paz). Para qualquer coisa abaixo de 7: dê um tempo a si mesmo e adie a sessão para outro dia. PS: Coloque seu celular no modo avião para evitar distrações.
common.long_question_2;Hinweis:Wechselt euch beim Stellen von Fragen an euren Partner ab und hört zu, ohne zu unterbrechen. Wenn dein Partner/in eine Frage nicht beantworten möchte, zieht einfach eine andere Karte. Kein Urteilen oder Kritisieren, hört genau zu und seid unterstützend und zeigt Empathie. Wechselt die Rollen zwischen Zuhörer und Sprecher.;Note:Take turns asking questions to each other. Make sure to listen to your partner's answers without interrupting. If they prefer not to answer a question, just move on and pick another card. Remember, no judging or criticizing. Just pay close attention, offer your support, and be empathetic. Don’t forget to switch between being the listener and the speaker.;Observação:Revezem-se fazendo perguntas um ao outro. Não deixe de ouvir as respostas de seu parceiro sem interromper. Se ele preferir não responder a uma pergunta, basta seguir em frente e escolher outro cartão. Lembre-se: nada de julgar ou criticar. Apenas preste muita atenção, ofereça seu apoio e seja empático. Não se esqueça de alternar entre ser o ouvinte e o orador.
common.long_text_1;Sie haben alle Sitzungen im Bereich Persönliches Wachstum erfolgreich gemeistert.Nächster Schritt: Freundschaft;You have successfully mastered all sessions in the Personal Growth area.Next Step: Friendship;Vocês dominaram com sucesso todas as sessões da área de Crescimento Pessoal.Próxima etapa: Amizade
common.loveworkz;LOVEWORKZ;LOVEWORKZ;LOVEWORKZ
common.master_next;Meistern Sie jetzt die kommende Challenge, um diese Sitzung erfolgreich abzuschließen. ;Master the upcoming challenge now to successfully complete this session.;Domine o próximo desafio agora para concluir esta sessão com sucesso.
common.mastered_question_part;Du hast den Fragenteil erfolgreich gemeistert. Das war doch gar nicht so schlimm, oder?;You have successfully mastered the question part. Wasn’t that bad, was it?;Você dominou a parte das perguntas com sucesso. Não foi tão ruim, foi?
common.max_length;max. Länge;Max length is;O comprimento máximo é
common.min_length;min. Länge;Min length is;O comprimento mínimo é
common.month;monat;month;mês
common.months;months;months;months
common.my_categories;Meine Kategorien;My categories;Minhas Categorias
common.next_stop;Nächster Halt: Challenges*;Next Stop: Challenges*;Próxima parada: Desafios*
common.next;Nächste;Next;Próxima
common.nice_job;Gute Arbeit.Macht eine kleine Pause und sprecht darüber, was euch gefallen und was euch nicht gefallen hat. Welche Fragen fandet ihr schwierig und welche waren einfach? Warum?;Nice job.Take a little break and talk about what you liked and disliked. Which questions did you find difficult and which were easy? Why?;Bom trabalho.Façam um pequeno intervalo e conversem sobre o que gostaram e o que não gostaram. Quais perguntas você achou difíceis e quais foram fáceis? Por quê?
common.nice_work_keep_going;Gute Arbeit! Weiter so;Nice work! Keep going;Bom trabalho! Continue assim
common.no;Nein;No;Não
common.nope;Nö;Nope;Não
common.noResults;kein Ergebnis;No Results;Sem resultados
common.not_much;Nicht viel;Not much;Pouco
common.not_today;neee nicht heute;naah not today;naah não hoje
common.ok;Ok;Ok;Ok
common.only;nur;only;apenas
common.onto_next;Auf zur Nächsten!;Onto the next!;Vamos para a próxima!
common.package;Paket;package;Pacote
common.popular;sehr beliebt;Popular;muito popular
common.proceed;Weiter;Proceed;Prosseguir
common.profile;Profil;Profile;Perfil
common.save;Sichern;Save;Salvar
common.search;suchen;search;Pesquisa
common.see_all_personal_growth;Alle Sitzungen von Personal Growth anzeigen ;See all sessions of Personal Growth ;Ver todas as sessões de Crescimento pessoal
common.send;Senden;Send;Enviar
common.share_us;erzähle deinen Freunden von uns;share us with ur friends;Compartilhe com seus amigos
common.shared_dreams;Geteilte Träume;Shared Dreams;Sonhos compartilhados
common.show_less;Weniger anzeigen;Show less;Mostrar menos
common.show_me_the_book;Zeig mir das Buch?;Show me the book?;Mostra-me o livro?
common.show_more;Mehr anzeigen;Show more;Mostrar mais
common.something_went_wrong_try_again;Da ist etwas schief gelaufen, bitte versuche es zu einem späteren Zeitpunkt erneut.;Something went wrong, please try again later!;Algo de errado, por favor tente novamente mais tarde!
common.special_offer;Sonderangebot, wenn Sie jetzt LoveWorkz Premium abonnieren;Special offer when you subscribe to LoveWorkz Premium;Oferta especial ao assinar o LoveWorkz Premium
common.start_game;Spiel beginnen;Start Game;Começar o jogo
common.starter;Starter;Starter;Iniciante
common.swipe_next_got_this;Ihr habt's drauf! Einfach weiterwischen;You’ve got this! Swipe for the next one;Você conseguiu! Passe o dedo para a próxima
common.swipe_to_proceed;Einfach weiterwischen;Swipe to proceed;Deslize para continuar
common.tell_us_improve;Sagt uns, was wir verbessern können / Habt Ihr Ideen für eine Challenge?;Tell us what we can improve / Do you have an idea for a challenge?;Diga-nos o que podemos melhorar / Vocês têm ideias para um desafio?
common.title;Titel;title;Título
common.to_get_known_deeper_level;um Sie auf einer tieferen Ebene kennenzulernen;to get to know you on a deeper level;Para te conhecer em um nível mais profundo
common.topics;Topics;Topics;Topics
common.trending_challenges;Challenges im Trend;Trending challenges;Desafios de tendências
common.trending_topics;Themen im Trend;Trending topics;Tópicos de tendência
common.we_are_ready;Wir sind bereit, legen wir los!;We’re ready. Let’s do it!;Estamos prontos. Vamos lá!
common.well_done;Gut gemacht!;Well Done!;Muito bem!
common.year;jahr;year;ano
common.yes;Ja;Yes;Sim
common.you_are_offline;You are offline;You are offline;You are offline
common.you_have_finished_basic_level;Sie haben alle Sitzungen im Bereich Persönliches Wachstum erfolgreich gemeistert.;You’ve finished Starter level. Next Step -> Basic Level.;Vocês concluíram o nível Starter. Próxima etapa -> Nível básico.
common.you;Sie;You;Você
common.your_journey_starts_here;Beginnt Eure Ihre Reise jetzt!;Your journey starts here;Comece sua jornada agora!
common.youre_great_proceed;Ihr seit großartig! Macht weiter so.;You’re great! Proceed;Você é ótimo! Continue
common.youre_todays_challenge;Eure heutige Challenge;Your today’s challenge;Sua desafio do dia
error.title;There's been an error. Please try again later;There’s been an error. Please try again later;There's been an error. Please try again later
favorites.title;Meine favoriten;My favourites;Meus favoritos
home.current_level;Dein derzeitiges Intimitäts-Level;Your current intimacy level:;Seu nível atual de intimidade
home.quick_start;Starte erneut durch;Quick Start;Início rápido
home.see_all;alle entdecken;See all;Ver tudo
home.start_game;Spiel beginnen:;Start Game:;Começar o jogo:
home.welcome_back;Willkommen zurück;Welcome back,;Bem-vindo de volta
myRelationship.1_kid;1 Kind;1 kid;1 filho
myRelationship.2_kids_more;2 Kinder & mehr;2 kids & more;2 filhos ou mais
myRelationship.both_of_us;Wir beide;Both of us;Nós dois
myRelationship.civil_partnership;Eingetragene Lebenspartnerschaft;Civil Partnership;União Estável
myRelationship.do_you_have_kids;Haben Sie Kinder?;Do you have kids?;Você tem filhos?
myRelationship.do_you_live_together;Leben Sie zusammen?;Do you live together?;Vocês moram juntos?
myRelationship.engaged;Verlobt;Engaged;Noivado
myRelationship.in_a_relatioship;In einer Beziehung;In a relatioship;Em um relacionamento
myRelationship.married;Verheiratet;Married;Casado
myRelationship.no;Nein;No;Não
myRelationship.one_of_us;Einer von uns;One of us;Um de nós
myRelationship.part_time;Teilzeit;Part-time;Meio período
myRelationship.relationship_status_title;Beziehungs-Status;Relationship Status;Status de Relacionamento
myRelationship.relationship_status;Beziehungsstatus;Relationship status;Estado civil
myRelationship.status_label;Wie ist Ihr Beziehungsstatus?;What’s your relationship status?;Qual é o seu estado civil?
myRelationship.We_live_separately;Wir leben getrennt;We live separately;Nós moramos separados
myRelationship.We_live_together;Wir leben zusammen;We live together;Nós moramos juntos
notifications.daily_quotes_description;Tägliche Zitate aus unserer empfohlenen Literatur und führenden Therapeuten.;Daily quotes out of our recommended literature and leading therapists.;Citações diárias de nossa literatura recomendada e terapeutas líderes.
notifications.daily_quotes;Tägliche Zitate;Daily Quotes;Citações Diárias
notifications.news_more_description;Neue Funktionen und Produktaktualisierungen;New features and product updates;Novos recursos e atualizações de produto
notifications.news_more;Nachrichten & Mehr;News & More;Notícias & Mais
notifications.newsletter_description;Exklusive Inhalte zu Beziehungen, gesunde Routinen und Ideen für Dates, Aktivitäten usw., Literatur und führende Therapeuten.;Exclusive relationship content, healthy routines and ideas about dates, activities etc. literature and leading therapists.;Conteúdo exclusivo sobre relacionamentos, rotinas saudáveis e ideias para encontros, atividades etc., literatura e principais terapeutas.
notifications.newsletter;Newsletter;Newsletter;Newsletter
notifications.promotions_description;Unsere besten Angebote & Rabatte auf Spezialaktionen und LoveWorkz Premium.;Our best offers & Discounts on Specials and LoveWorkz Premium;Nossas melhores ofertas e descontos em especiais e LoveWorkz Premium.
notifications.promotions;Promotionen;Promotions;Promoções
notifications.title;Benachrichtigungseinstellungen;Notification preferences;Preferências de Notificação
onboarding.goal.description;Wohin sollen wir Sie begleiten?;Where shall we accompany you?;Aonde devemos acompanhar você?
onboarding.notification.allow_notifications;Benachrichtigungen zulassen;Allow notifications;Permitir notificações
onboarding.notification.description;Unsere Benachrichtigung werden euch helfen, den Kurs zu halten!;Our notification will help you to keep the course! ;Nossa notificação o ajudará a manter o curso!
onboarding.notification.description2;Der Lauf der wahren Liebe verlief nie glatt;The course of true love never did run smooth;O curso do amor verdadeiro nunca foi suave
onboarding.notification.description3;William Shakespeare;William Shakespeare;William Shakespeare
onboarding.notification.perhaps_later;Vielleicht später;Perhaps later;Talvez mais tarde
onboarding.statistic.description_10;Ich wünschte, ich hätte die Dinge, die ich hier gelernt habe, schon vorher gewusst. Mein Mann und ich lieben unsere kleinen Sitzungen.;I wish i would have known the things i have learned here before. My husband and me are loving our little sessions.;Eu gostaria de ter sabido antes as coisas que aprendi aqui. Meu marido e eu estamos adorando nossas pequenas sessões.
onboarding.statistic.description_11;Seit wir diese App haben, sind meine Freundin und ich auf einem ganz neuen Level. Unsere Gespräche, haben sich verändert. Wir verstehen uns jetzt wirklich. Es ist, als ob wir wiederentdecken, warum wir uns überhaupt ineinander verliebt haben.;Since we got this app, my girlfriend and I are on a whole new level. Our talks, have changed. We really get each other now. It's like we're rediscovering why we fell for each other in the first place.;Desde que adquirimos esse aplicativo, minha namorada e eu estamos em um nível totalmente novo. Nossas conversas mudaram. Nós realmente nos entendemos agora. É como se estivéssemos redescobrindo por que nos apaixonamos um pelo outro em primeiro lugar.
onboarding.statistic.description_12;Gott, wir hatten wirklich keine Ahnung, wie man eine erfolgreiche und glückliche Beziehung aufbaut. Ich fühle mich so viel mehr geliebt und geschätzt, seit wir diese App benutzen.;God, we really had no idea how to build a successful and happy relationship. I feel so much more loved and appreciated since we started using this app.;Meu Deus, nós realmente não tínhamos ideia de como construir um relacionamento bem-sucedido e feliz. Comecei a me sentir muito mais amada e valorizada desde que começamos a usar esse aplicativo.
onboarding.statistic.description_13;Ich habe mich meinem Partner noch nie so nah gefühlt, seit wir diese App benutzen. Wir reden tatsächlich miteinander und verstehen uns.;I've never felt so close to my partner since we started using this app. We actually talk to each other and understand each other.;Nunca me senti tão próximo do meu parceiro desde que começamos a usar esse aplicativo. Estamos realmente conversando e entendendo um ao outro.
onboarding.statistic.description_14;9/10 Personen spüren eine positive Veränderung in ihrer Beziehung;9/10 people feel a positive influence in their relationship;9/10 pessoas sentem uma influência positiva em seus relacionamentos
onboarding.statistic.playful_effective;Spielerisch & effektiv;Playful & effective;Lúdico e eficaz
onboarding.statistic.screen_1_description;Eure 4 Schritte zu einem besseren Selbstverständnis und einer besseren Beziehung;Your 4 steps to better self understanding and better relationships;Suas 4 etapas para um melhor entendimento de si mesmo e melhores relacionamentos
onboarding.statistic.screen_2_description;7/10 Menschen sind mit ihren Beziehungen oder ihrem Liebesleben nicht zufrieden.;7/10 people are not happy with their relationships or love life.;7/10 pessoas não estão felizes com seus relacionamentos ou vida amorosa.
onboarding.statistic.screen_3_description;Aber für 96 % sind glückliche und verlässliche Beziehungen das Wichtigste im Leben.;But for 96%, happy & reliable relationships are the most important things in life.;Mas para 96%, relacionamentos felizes e confiáveis são a coisa mais importante da vida.
onboarding.statistic.screen_4_description;Die einzige App, die Ihr für eine positive Veränderungen braucht.;The only App you will need for positive change.;O único aplicativo de que você precisará para uma mudança positiva.
onboarding.statistic.screen_4_description2;spüren den positiven Einfluss in ihrer Beziehung;feel the positive influence in their relationship;sentem a influência positiva em seu relacionamento
onboarding.welcome.description;Erlebt mit uns eine neue, revolutionäre, leichte & spielerische Reise zu mehr Nähe und Intimität in Ihrer Beziehung;Experience with us a new, revolutionary, easy & playfully journey to more closeness and intimacy in your relationship;onboarding.welcome.description, 23 missing translation
onboarding.welcome.title;Schön, dass du hier bist!;Good, that you are here!;Que bom que você está aqui!
partner.description;Geben Sie die E-Mail Ihres Partners ein, um ihn/sie einzuladen, sich Ihnen in Loveworkz anzuschließen.;Enter your partner’s email to invite to join you in Loveworkz;Insira o e-mail do seu parceiro para convidá-lo a se juntar a você no Loveworkz.
partner.enter_partner_email;Geben Sie die E-Mail Ihres Partners ein;Enter your partner’s email;Insira o e-mail do seu parceiro
partner.partner_email_title;Die E-Mail Ihres Partners;Your partner’s email;O e-mail do seu parceiro
profile.add_partner;Partner hinzufügen;Add Partner;Adicionar parceiro
profile.boost_intimacy;mehr Intimität & besserer;Boost Intimacy & improve sex;Mais intimidade e melhor
profile.build_meaning_and_dreams;Sinn und Träume schaffen;Build meaning and dreams;Construa significado e sonhos
profile.closer_relationship_with_family;Gemeinsame Ziele und Träume bilden;Closer relationship with family and friends;Relacionamento mais próximo com a família e os amigos
profile.closer_relationship;Engere Beziehung zu Familie und Freunden;Build meaning and dreams;Construção de metas e sonhos comuns
profile.communication;ich möchte unsere Kommunikation verbessern;Improve our Communication;Melhorar a nossa comunicação
profile.conlfict_management;Ich möchte unsere Streitkultur verbessern.;Conlfict management;Aprender a lidar com conflitos
profile.country;Land;Country;País
profile.create_safe_attachment;tiefere Verbundenheit;Create a save attachment;Criar ligação segura
profile.date_of_birth;Geburtsdatum;Date of Birth;Data de Nascimento
profile.enter_age;Bitte Alter eingeben;Enter Age;Inserir idade
profile.enter_name;Bitte Namen eingeben;Enter Name;Insira o nome
profile.feeling_better;Mehr Verbundenheit & stärkere Bindung schaffen;Feeling better connected & create safe attachment;Criar mais conexões e vínculos mais fortes
profile.female;Weiblich;Female;Feminino
profile.gender;Geschlecht;Gender;Gênero
profile.i_am_here_just_for_fun;Ich will Spaß haben;I am here to have fun;Estou aqui para me divertir
profile.increase_appreciation_and_respect;Ich möchte mehr Wertschätzung und Respekt;Appreciation and respect;Aumentar a apreço e o respeito
profile.increase_intimacy_level;Ich möchte eine höhere Intimität ;I want to improve our intimacy level.;Quero melhorar o nosso nível de relacionamento
profile.increase_mutual_understanding;Erhöhtes Verständnis, Wertschätzung und Respekt;Increase mutual understanding, appreciation & respect;Aumento da compreensão, apreciação e respeito
profile.less_conflicts;Weniger Konflikte;Less Conflicts;Menos conflitos
profile.male;Männlich;Male;Masculino
profile.manage_finances;Finanzen besser managen;Manage couple finances better;Gerenciar melhor as finanças
profile.more_fun;Mehr Spaß und Aufregung;More fun and excitement;Mais diversão e entusiasmo
profile.name;Name;Name;Nome
profile.non_binary;Nichtbinär;Non-Binary;Não binário
profile.other;Andere;Other;Outro
profile.partner;Partner;Partner;Parceiro
profile.playfull_effective;Spielerisch & effektiv;Playfull & effective;Lúdico e eficaz
profile.prefer_not_to_say;Möchte ich nicht angeben;Prefer Not to Say;Prefiro não dizer
profile.preferences;Präferenzen;Preferences;Preferências
profile.relationship_status;Beziehungs-Status;Relationship status;Status de Relacionamento
profile.save_changes;Änderungen speichern;Save changes;Savar alterações
profile.self_reflection;Selbstreflektion;Self-Reflection;Autorreflexão
profile.transgender;Transgeschlechtlich;Transgender;Transgênero
questions.congrats_basic_description_1;Sie haben die Intimitätsstufe: ;You have reached Intimacy level: ;Você alcançou o nível de Intimidade:
questions.congrats_basic_description_2; erreicht. Sie haben neue Herausforderungen und Fragen freigeschaltet. Schauen Sie sie sich jetzt an!;. You have unlocked new challenges and questions. Check them out right now!;. Você desbloqueou novos desafios e perguntas. Confira agora mesmo!
questions.congrats_deep_description_1;Sie haben die Intimitätsstufe ;You have reached the intimacy level ;Você alcançou o nível de Intimidade:
questions.congrats_deep_description_2; erreicht. Fantastisch! Sie haben erfolgreich neue Herausforderungen und Fragen freigeschaltet. Schauen Sie sie sich jetzt an!;. Amazing! You have successfully unlocked new challenges and questions. Check them out right now.;. Você desbloqueou novos desafios e perguntas. Confira agora mesmo!
questions.congrats_intimate_description_1;Herzlichen Glückwunsch, Sie haben die Intimitätsstufe: ;Congrats, you have reached Intimacy Level: ;Parabéns, você alcançou o Nível de Intimidade:
questions.congrats_intimate_description_2;Intim erreicht. Sie haben erfolgreich neue Herausforderungen und Fragen freigeschaltet. Schauen Sie sie sich jetzt an!;Intimate.You have successfully unlocked new challenges and questions. Check them out right now.;Íntimo. Você desbloqueou com sucesso novos desafios e perguntas. Confira agora mesmo!
questions.fantastic_work;Fantastische Arbeit!;Fantastic work!;Trabalho fantástico!
questions.great_job;Toller Job!;Great Job!;Ótimo trabalho!
questions.have_you_already_rated_this_app;Haben Sie diese App bereits bewertet?;Have you already rated this app?;Você já avaliou este aplicativo?
questions.move_to_challenges;Bewegung zu Herausforderungen;Move to challenges;Mova-se para desafios
questions.questions;Fragen;Questions;Perguntas
questions.remember_it_is_not_a_sprint;Denk daran, das ist ein Marathon und kein Sprint.;Remember it is a marathon not a sprint, so please take your time answering & discussing the questions!;Lembre-se que não se trata de uma maratona e nem uma corrida, por isso, por favor, leve o tempo que precisar para responder e discutir sobre as perguntas!
questions.title;Fragen - Bibliothek;questions library;Biblioteca de perguntas
questions.way_to_go;Weiter so!;Way to go!;Muito bem!
questions.wow_that_was_fast;Wow, das ging aber schnell;wow! That was fast;Uau! Isso foi rápido!
quotes.quote_of_the_day;Zitat des Tages;Quote of the day;Citação do dia
quotes.show_me_book;Zeig mir das Buch.;Let me see the book.;Deixe-me ver o livro.
rubricFilterItem.activity;Activity;Activity;Atividade
rubricFilterItem.communication;de Communication;Communication;pt Communication
rubricFilterItem.conflict_management;Konfliktmanagement;Conflict Management;Gestão de Conflitos
rubricFilterItem.Conflict;Konflikt;Conflict;Conflito
rubricFilterItem.dreams;Träume;Dreams;Sonhos
rubricFilterItem.exercise;Übung;Exercise;Exercício
rubricFilterItem.friendship;Freundschaft;Friendship;Amizade
rubricFilterItem.Fun;Fun;Fun;Diversão
rubricFilterItem.game;de Game;Game;pt Game
rubricFilterItem.Intimacy;de Intimacy;Intimacy;pt Intimacy
rubricFilterItem.personal_growth;Selbstentfaltung;Personal Growth;Crescimento pessoal
rubricFilterItem.Respect;Respect;respect;Respeito
rubricFilterItem.routine;Routine;Routine;Rotina
rubricFilterItem.self_reflection;Selbst-Reflektion;Self-Reflection;Auto-reflexão
rubrics.title;Fragen - Bibliothek;Questions library;Biblioteca de perguntas
sessions.favouriteSessions;Lieblingssitzungen;Favourite sessions;Sessões favoritas
sessions.session;Sitzung;Session;Sessão
sessions.sessionOverview;Sitzungsübersicht;Session overview;Visão geral da sessão
sessions.sessions;sitzungen;sessions;sessões
sessions.todaysSession;Heutige Sitzung;Today’s session;Sessão do dia
settings.about_loveWorkz;Über LoveWorkz;About LoveWorkz;Sobre LoveWorkz
settings.about_me;Über mich;About me;Sobre mim
settings.about_my_relationship;Über meine Beziehung;About my relationship;Sobre o meu relacionamento
settings.about;Um;About;Sobre
settings.account;Konto;Account;Conta
settings.change_password;Passwoort ändern;Change password;Alterar a senha
settings.contact_us;Kontakt;Contact us;Contacte-nos
settings.dark_mode;Dunkel;Dark mode;Modo escuro
settings.english;Englisch;english ;Inglês
settings.follow_us_on_instagram;Folgen Sie uns auf Instagram;Follow us on Instagram;Siga-nos no Instagram
settings.game_rules;Spielregeln;Game Rules;Regras do Jogo
settings.german;Deutsch;german;Alemão
settings.how_to_use;Wie wird gespielt?;How to use;Como utilizar
settings.invite_partner;Partner einladen;Invite partner;Convidar parceiro
settings.language;Sprache;Language;Idioma
settings.links_more;Links & Mehr;Links & More;Links & Mais
settings.manage_my_subscription;Mein Abonnement verwalten;Manage my subscription;Gerenciar minha assinatura
settings.notifications;Benachrichtigungen;Notifications;Notificações
settings.our_homepage;Unsere Startseite;Our Homepage;Nossa Página Inicial
settings.our_specialists;Unsere Spezialisten;Our specialists;Nossos especialistas
settings.partners;Partner;Partners;Parceiros
settings.portuguese;Portugiesisch;portuguese;Português
settings.preferences;Einstellungen;Preferences;Preferências
settings.privacy_policy_item;Datenschutzrichtlinie;Privacy Policy;Política de Privacidade
settings.privacy_policy;allgemeine Geschäftsbedingungen und Datenschutzerklärung;Terms of use & Privacy Policy;Termos de utilização & Política de Privacidade
settings.restore_purchase;Kauf wiederherstellen;Restore Purchase;Restaurar Compra
settings.share_us;Teile uns;Share us;Compartilhe-nos
settings.subscription;Abonnement;Subscription;Assinatura
settings.terms_of_use;Nutzungsbedingungen;Terms of Use;Termos de Uso
settings.title;Einstellungen;Settings;Configurações
settings.your_goals;Deine Ziele;Your goals;Seus objetivos
shop.description;Erhalten Sie jetzt Zugang und verbessern Sie ab heute Ihre Beziehung.;Get access now and improve your relationship starting today.;Obtenha acesso agora e melhore seu relacionamento a partir de hoje.
shop.header;Erhalten Sie Zugang zu allen Kategorien und Herausforderungen;Get access to all categories and challenges;Tenha acesso a todas as categorias e desafios
shop.monthly_description;Zugang zu allen Kategorien und Herausforderunge & ohne Werbung;access to all categories and challenges and no ads;acesso a todas as categorias e desafios, sem anúncios
shop.quarterly_description;Access to all categories and challenges and no ads;Access to all categories and challenges and no ads;Access to all categories and challenges and no ads
shop.title;Shop;Shop;Shop
shop.yearly_description;Wählen Sie den Jahreszahlungsplan und erhalten Sie zwei Monate kostenlos;Get the annual payment plan and get two months for free;Adquira o plano de pagamento anual e ganhe dois meses grátis
splash.title;Start with the LoveWorkz to know each other better;Start with the LoveWorkz to know each other better;Start with the LoveWorkz to know each other better
upload.change_photo;Foto bearbeiten;Change Photo;Alterar foto
upload.change_profile_photo;Profil-Foto ändern;Change profil photo;Alterar foto do perfil
upload.delete_photo;Foto löschen;Delete Photo;Apagar foto
upload.open_gallery;Galerie öffnen;Open gallery;Galeria aberta
upload.take_photo;Foto aufnehmen;take photo;Tirar foto
common.explore;;Explore;
common.we_have_done_the_challenge;;We’ve done the challenge;
common.challenge_locked;;Challenge locked;
common.lock_the_challenge_in;;Lock the challenge in;
challenge.hop_to_the_challenge;;Hop to the Challenge;
common.lock_one_of_the_challenges;;Lock one of the challenges;
common.wild_card;;Wild Card;
common.put_iphone_not_distracted;;Ps: Put your phone in flight mode so you are not distracted.;
common.note;;Note:;
common.alternate_turns_in_questions;;Alternate turns in asking your partner questions and listen to your partner's answers w/o interrupting. If your partner doesn't want to answer a question, just pick another card. No judgment or criticism, listen closely, and be supportive and show empathy. Alternate roles as listener & speaker.;
common.amazing_lets_do_it;;Amazing, let's do it;
common.per_week;;per week;
common.get_your_own_journey;;Get your own journey now!;
common.can_be_cancelled_anytime;;Can be canceled at any time!;
common.paired_subscription;;Paired subscription automatically renews unless auto-renew is turned off at least 24 hours before current period ends. Payment is charged to your Apple ID. Manage subscriptions and turn off auto-renew in Account Settings.;
common.start_for_free;;Start for free;
common.add;;add;
common.next_stop_challenges_part_1;;Next Stop: ;
common.next_stop_challenges_part_2;;Challenges*;
common.nice_job_single_phrase;;Nice Job,;
common.nice_job_single_phrase_part_2;;Take a little break and talk about what you liked and disliked. Which questions did you find difficult and which were easy? Why?;
common.each_session_future_action;;*Each Session concludes with a challenge—think of it as homework or a tool—designed to translate insights into action.;
common.claim_my_offer;;Claim my offer;
common.the_heart_of_relationship;;The heart of everyones relationships;
common.how_to_navigate;;How to Navigate LoveWorkz;
common.start_the_journey_prefix;;Start with The Journey:;
common.engage_with_challenges;;Engage with Challenges:;
common.explore_independently;;Explore Independently:;
common.maintain_positive_outlook;;Maintain a Positive Outlook:;
common.keep_the_journey;;Keep the journey engaging and positive, balancing serious topics with light-hearted discussions to foster a supportive atmosphere.;
common.venture_beyond_the_journey;;Venture beyond The Journey whenever you wish, choosing content that aligns with your relationship's needs and interests.;
common.utilize_the_challenges;;Utilize the challenges at the end of each session to build your toolkit and apply learned concepts to your relationship.;
common.begin_love_journey;;Begin with the Love-Yourney to establish a solid foundation of skills and understanding, progressing through levels and quadrants;
common.read_more;;Read more...;
common.start_tour_here;;Start your tour here!;
common.subscribe_desc_part_1;;Subscribe to LoveWorkz Premium now - ;
common.subscribe_desc_part_2;;and enjoy more than 80 weeks of transformative relationship guidance;
common.off;;off;
common.arran_kennedy;;Arran Kennedy;
common.in_a_nutshell_fun;;In a nutshell, we want you to have fun;
common.you_can_do_more;;You can always do more;
common.reflect_together;;Reflect Together;
common.create_your_ritual;;Create Your Ritual;
common.create_space;;Create a Comfortable Space;
common.dive_into_app_together;;Dive into the App Together;
common.navigate_session_your_way;;Navigate the Sessions Your Way;
common.how_often_i_play;;How often do i play?;
common.important_note;;Important note;
common.step;;Step;
common.programs_offered_by_arran;;Programs offered by Arran: ;
common.arran_text_1;;Arran Kennedy works as a Psychologist, Cognitive Behavioural Psychotherapist and Couples Therapist. ;
common.arran_text_2;;For 10 years he has worked with adults, teens, children, and couples assisting people to navigate mind, mood, life and relationship challenges both in private practice and large company wellbeing programs. ;
common.arran_text_3;;Presently, he serves as a senior psychotherapist for staff at the Google EMEA Office Dublin.;
common.arran_text_4;;He is a Founder Member of the Irish Positive Psychology Association and has a special interest assisting couples to develop the knowledge, attitudes and skills to create thriving relationships and families.;
common.partners_item_1;;1 to 1 therapy in person and online.;
common.partners_item_2;;‘Seven Principles for Making Marriage Work’ couples group course in person and online.;
common.partners_item_3;;‘Seven Principles for Singles’ singles group course, in person and online. ;
common.done;;Done;
common.premium;;Premium;
copilot.step_4_text;;Link with your partner or tweak the settings to better suit your preferences.;
copilot.step_4_name;;Want to learn more about the app?;
copilot.step_2_text;;Letting you know which of the four quadrants you're diving into.;
copilot.step_2_name;;The flower shows the current focus of the session;
copilot.step_1_text;;This progress bar tracks your journey— think of it as an Intimacy meter. With our coach function at your fingertips, we ensure you engage in the right session at the perfect moment, guiding you through each level.;
copilot.step_1_name;;Your way to more intimac;
copilot.step_3_text;;Dive straight into sessions, delve deeper into topics, or take on an extra challenge whenever you feel inspired;
copilot.step_3_name;;Beyond your love journey there’s always more to explore;
common.few_clicks_away;;It's all just a few clicks away!;
common.got_it_lets_do_it;;Got it, let’s do it!;
common.how_to_use_quadrants;;'Want to learn more about the quadrants? Check out the “How to use” in Settings.;
common.what_can_we_improve;;Tell us what we can improve;
common.levels_and_sessions;;Levels & Sessions;
common.john_placeholder;;John;
common.explore_here;;Explore here;
common._feedback_text_1;;From 10 (feeling amazing) to 1 (leave me alone). Everything below 7: please take a break & skip the session to another day.;
common.exploring_individual_personalities;;Exploring individual personalities and life backgrounds;
common.but_the_truth_is;;But the truth is, love is not enough to keep the bond strong and healthy;
common.we_have_your_back;;We have your back.;
common.congrats;;Congrats;
common.privacy_policy_text;;Lorem ipsum dolor sit amet, consectetur adipiscing elit, sed do eiusmod tempor incididunt. Lorem ipsum dolor sit amet, consectetur adipiscing elit, sed do eiusmod tempor incididunt. Lorem ipsum dolor sit amet, consectetur adipiscing elit, sed do eiusmod tempor incididunt. Lorem ipsum dolor sit amet, consectetur adipiscing elit, sed do eiusmod tempor incididunt Lorem ipsum dolor sit amet, consectetur adipiscing elit, sed do eiusmod tempor incididunt. Lorem ipsum dolor sit amet, consectetur adipiscing elit, sed do eiusmod tempor incididunt. Lorem ipsum dolor sit amet, consectetur adipiscing elit, sed do eiusmod tempor incididunt. Lorem ipsum dolor sit amet, consectetur adipiscing elit, sed do eiusmod tempor incididunt;
common.see_all_session_of;;See all sessions of;
common.quadrants;;Quadrants;
common.levels;;Levels;
common.every_quadrant_consists;;Every quadrant consists of 4- 5 sessions, each containing 14 carefully selected questions from over 35 relevant topics, ensuring a comprehensive exploration of each area. The sessions are designed to progressively tackle important relationship themes, facilitating deep discussions and reflections.;
common.with_each_level_text;;Within each level, the journey is segmented into four key quadrants - Personal Growth, Friendship, Communication & Conflict, and Dreams. These quadrants are the pillars that support a healthy, thriving relationship, addressing the essential areas for development and understanding.;
common.these_represents_stages_of_journey;;These represent the stages of your journey, with each level building on the last to introduce more complex concepts and discussions as your relationship matures.;
common.start_your_journey_now;;Start your journey now!;
common.see_you_next_week;;See you next week?;
common.lets_dive_into_your_session;;Let’s dive into your session;
common.naah_lets_do_it_now;;Naah. Let’s do it now!;
common.focus;;Focus;
common.for_the;;For the;
common.of;;of;
common.successfully_mastered_questions;;You have succefully mastered the question part. Wasnt that bad wasn’t it?;
game_rules.rule_1;;Take Turns: Decide who asks the first question. After answering, swap roles for the next card. This back-and-forth keeps it fair and engaging. Swipe to the next card after both have answers keeps the session flowing smoothly.;
game_rules.rule_2;;It's Okay to Pass: If any question doesn't feel right, just skip it. There's plenty more to explore. Simply move on to the next card.;
game_rules.rule_3;;Offer Empathy: Respond to each other's answers with an open heart, free from judgment. This is your space to offer support, understanding, and empathy.;
common.ok_i_got_this;;Ok. I’ve got this;
how_to_use.descriptions1_text_1;;The app is designed to enhance your relationship skills through a structured, engaging, and interactive journey that spans four difficulty levels: Starter, Basic, Deep, and Intimate. Just like mastering any skill, you progress to the next level only after acquiring the skills and techniques of the preceding one, ensuring a thorough understanding and application of each aspect of the relationship-building process. These intimacy levels in LoveWorkz are specifically crafted to build upon each other, increasing in complexity and depth with each stage.;
how_to_use.descriptions1_text_2;;Each level not only brings you closer together but also intensifies the demands on your communication skills, understanding, and ability to grow as a couple. This tiered approach allows you to gradually approach more complex and intimate aspects of your relationship, creating a solid foundation for lasting personal and mutual growth, thereby enriching your relationship at every stage with new insights and stronger bonds.;
how_to_use.descriptions2_text_1;;But it’s not just about asking questions; it’s about fostering real change. Each session concludes with one challenge—think of it as homework or a tool—designed to translate insights into action. These challenges, exercises, activities, self-reflection exercises, games and routines are handpicked and sequenced to ensure that as you progress, you’re building on a solid foundation (a toolkit) of skills and understanding. This toolkit grows with each completed challenge, equipping you for future challenges and deepening your bond.;
how_to_use.descriptions3_text_1;;You will find some of the questions and challenges easy and others more difficult. But that's why you're here—to learn and challenge yourself to become better together. The questions are aimed at facilitating a conversation to get to know each other better and introduce topics that you might not talk about normally;
how_to_use.descriptions3_text_2;;The challenges are aimed at giving you an opportunity to go outside your comfort zone, deal with difficult issues, come up with solutions and learn key relationship skills.;
how_to_use.descriptions3_text_3;;Despite the depth of the topics, we meticulously crafted the sessions with a focus to maintain a positive emotional state, blending serious discussions with lighter, fun questions, Wild Cards, Fun-Fact Cards & one card with sexual related questions. (Hot Stuff -Card). This fosters a healthy, hopeful atmosphere, allowing for growth without overwhelming stress or tension, and ensuring the journey remains balanced and enjoyable.;
how_to_use.descriptions4_text_1;;Beyond 'The Journey,' LoveWorkz offers the freedom to explore sessions, questions, and challenges independently. This mode enables you to focus on specific areas of interest at your own pace, perfect for supplementing the structured journey or diving deeper into particular topics.;
how_to_use.descriptions5_text_1;;LoveWorkz is designed to be more than just an app; it's a partner in your journey toward a deeper connection and understanding. Play it as a standalone tool or even more powerful along a couple therapy.;
how_to_use.title_challenges:;;Building Your Toolkit with Challenges;
how_to_use.title_maintaining:;;Maintaining a Positive Emotional Climate;
about_page.how_to_use_descriptions1_text_1;;By embracing LoveWorkz, you're already ahead of the curve; In a world where the odds seem stacked against lasting relationships — with divorce rates hovering around 60%*; and overall breakup rates even more common — joining us is your first step towards changing those odds in your favor.;
about_page.how_to_use_descriptions1_text_2;;With LoveWorkz, you’re not just dodging statistics; you’re increasing significantly your chances of forging a connection that lasts a lifetime.;
about_page.how_to_use_descriptions1_text_3;;Lets be honest relationship are not easy, and sometimes even really difficult, thats because unless you had the perfect role model with your parents, we weren’t really taught how to have successful fulfilled happy relationships. ;
about_page.how_to_use_descriptions1_text_4;;Therefore It's even more tragic, that we have no problems to hours in e.g. learning how to swim or ride a bike, but we often neglect such deliberate efforts when it comes to learning how relationships works, expecting them to flourish somehow automatically!;
about_page.how_to_use_descriptions2_text_1;;Much like athletes rely on coaches for peak performance, relationships too can benefit immensely from expert guidance. LoveWorkz is here to equip you with the skills and insights necessary for a thriving partnership, steering clear of common pitfalls like communication breakdowns or unmet expectations.;
about_page.how_to_use_descriptions2_text_2;;Relationships are sometimes challenging, we all been in these situations, where we felt overwhelmed or just didn’t know what to do or to say, where we expect our partners to read our minds, intuit our needs.;
about_page.how_to_use_descriptions2_text_3;;The moments when misunderstanding sprouts not from what's said, but from all that's left unsaid, expecting our partner to somehow decode our silence. Or those times when the stress of daily routines leaves us feeling disconnected, each lost in our own world, forgetting to check in on each other's needs and dreams. It's in these everyday scenes that the essence of a strong, healthy relationship is tested and can either weaken or grow stronger.;
about_page.how_to_use_descriptions2_text_4;;Many couples who find themselves at a crossroads, are not there because of a lack of love, but from not having the right tools to build on that love. It’s common to fall into the trap of believing our partners should just know — know when we need a hug instead of advice, know when to give us space or pull us close. And it’s here, in the gap between expectation and reality, that frustration often grows.;
about_page.how_to_use_descriptions2_text_5;;LoveWorkz steps into this gap, offering a bridge built on understanding and skill-building. Through our platform, you will deepen your friendship woth your loved ones, learn how to articulate needs without criticism, listen deeply without defensiveness, and create a shared vision for your future. It's about transforming the unspoken and the misunderstood into pillars of your relationship’s strength.;
about_page.how_to_use_descriptions2_text_6;;We’ve meticulously compiled over 2000 questions, challenges, exercises, games, routines and activities, from various sources, - therapy sessions, expert interviews, literature, couple surveys etc. – to design numerous sets of therapeutic sessions and to derive more than 35 key topics that hold particular significance for couples.;
about_page.how_to_use_descriptions2_text_7;;But Loveworkz is more than just an app with random assortment of tips, methods, exercises and questions; it’s a therapeutic tool which offers an innovative approach, providing you with expert-backed guidance at your fingertips and which fits seamlessly into our fast-paced lives.;
about_page.how_to_use_descriptions2_text_8;;What truly sets us apart is the therapeutic roadmap we've crafted for you. A tailored step-by-step approach, firmly grounded in evidence-based practices and developed by a team of dedicated professionals, including cognitive behavior psychotherapists, Neuro-Linguistic Programming & (NLP) communication experts and couple therapists, to ensure your journey is both enriching and effective.;
about_page.how_to_use_descriptions2_text_9;;That means our approach is deliberate and thoughtful, with every session, challenge, exercise, activity, and routine handpicked and sequenced to resemble a therapy journey.;
about_page.how_to_use_descriptions2_text_10;;Each step is meticulously designed to prepare you for the next, ensuring a coherent and purposeful progression through your relationship growth.;
about_page.how_to_use_descriptions2_text_11;;By the time you reach discussions on more complex or sensitive issues, you’ll have the tools and confidence to navigate them effectively. ;
about_page.how_to_use_descriptions2_text_12;;We understood: That the most profound connections are built on honest, heartfelt conversations. We know: Discussing desires or needs, addressing the elephant in the room, and sharing your deepest emotions can be challenging topics to discuss;;
about_page.how_to_use_descriptions2_text_13;;As they come to the surface in a guided/measured/playful fashion, we aim to remove this burden with the help of our specialists.;
about_page.how_to_use_descriptions3_text_1;;LoveWorkz acts as your personal coach, guiding you with a clear structure and the assurance that the journey you’re embarking on is one shaped by expertise, grounded in evidence-based practices, and a deep understanding of what makes relationships last.;
about_page.how_to_use_descriptions3_text_2;;This app is designed to empower you with the tools and guidance needed to navigate important discussions with finesse. Whether you're opening up about your needs, tackling concerns head-on, or exploring your emotions, LoveWorkz is your trusted partner in achieving deeper understanding and stronger connections.;
about_page.how_to_use_descriptions3_text_3;;It is a therapeutic tool that can be used as a standalone guide to your relationship and would be even more effective as a complement to couples therapy sessions.;
about_page.how_to_use_descriptions3_text_4;;We believe that growing together should be fun. So don’t worry, it’s not just about constantly addressing the heavy stuff. We will provide you a healthy mix to ensure fun and lightness, to embrace your journey as a couple and enjoying your time along the way.;
about_page.how_to_use_descriptions3_text_5;;Your relationship is a journey of two unique individuals coming together, and it’s the collective effort, energy, and love you invest that makes it truly remarkable. We’ll provide the tools, but it’s up to you to bring your unique selves to the table. Together with LoveWorkz we will make your love work.;
information_block.literature;;Welcome to the literature Section;
information_block.literature_title_1;;Each book;
information_block.literature_text_1;; you find here is a standout gem, highly recommended by  therapists and handpicked by our team.;
information_block.literature_title_2;;Scientifically;
information_block.literature_text_2;; backed, filled with evidence-based insights, tips and exercises, these books will help you improve communication, increase mutual understanding, deepen emotional bonds, and navigate through your relationship challenges.;
information_block.literature_title_3;;Each title;
information_block.literature_text_3;; is categorized and comes with a short explanation, assisting you in discovering the perfect resource to enrich your partnership;
information_block.challenges;;Challenges;
information_block.challenges_title_1;;Each book;
information_block.challenges_text_1;; Challenges;
information_block.browsing_topics;;Browsing Topics;
information_block.browsing_topics_text_1;;Don't feel like doing a full session right now? No problem! You can browse and explore individual questions based on specific topics of interest.;
information_block.browsing_topics_text_2;;Just keep in mind that to track your progress and get the most out of the app, you'll want to return to the session area or start a new session from the homepage.;
information_block.session_library;;Session Library;
information_block.session_library_text_1;;You are currently in the Session Library. It gives you a perfect overview of the sessions in each level. The levels will unlock as you progress.;
tab_navigator.tab_name_books;;Books;
tab_navigator.tab_name_sessions;;Sessions;
tab_navigator.tab_name_topics;;Topics;
tab_navigator.tab_name_home;;Home;
tab_navigator.tab_name_challenges;;Challenges;
game_rules.title;;Game Rules;
game_rules.descriptions_1_text_1;;LoveWorkz is crafted with the special purpose of bringing you and your partner closer, turning your relationship journey into a meaningful ritual. Before diving into the steps, remember, this experience is all about dedicating quality time to each other. So, put your phone on flight mode to avoid interruptions, fire up the app, and place it somewhere cozy between you—be it on the sofa or a table. Pour yourselves a glass of wine, create a pleasant atmosphere, and ensure you're both in a great mood and ready to embark on this adventure together.;
game_rules.descriptions_2_text_1;;Pick a weekly time slot that suits both of you perfectly. Treat this time as sacred, a moment you both prioritize and eagerly anticipate every week.;
game_rules.descriptions_3_text_1;;Choose a spot where both of you feel comfortable and can be free from distractions. The right mood is a cornerstone for a session filled with meaningful exchanges.;
game_rules.descriptions_4_text_1;;Being physically together brings a special kind of magic to your experiences, amplifying the joy and depth of your connection. It's in these moments that you'll forge the deepest connections and create memories that stick with you, enriching your relationship.;
game_rules.descriptions_4_text_2;;With the syncing feature, both of your accounts share one progress stream, keeping you united in your journey, whether close or apart. It allows you to access challenges, gather information, or to prepare for or reflect on your sessions.;
game_rules.descriptions_5_text_1;;Use the insights gleaned from each question to delve deeper into your relationship. Discuss any arising thoughts or emotions, fostering an environment of openness and trust.;
game_rules.descriptions_6_text_1;;The speed at which you progress through this app really depends on your personal motivation and goals.;
game_rules.descriptions_6_text_2;;As the starter levels are lighter and easier, you may find that you complete those quicker: doing it once or twice a week.;
game_rules.descriptions_6_text_3;;Then, as you move to Basic and Deep, it's best to do this only once a week to give yourselves time to reflect on the conversation and solidify any key learnings.;
game_rules.descriptions_7_text_1;;The app isn't about finding out who is right or who is wrong—it's about discovering more about each other, listening to the other's perspective and strengthening the connection. It's natural that talking about deep or personal issues can bring up feelings of stress, vulnerability or sadness. Therefore, it's important to keep an open mind and support each other with kindness, encouragement and respect throughout this process.;
game_rules.descriptions_7_text_2;;By integrating LoveWorkz into your weekly routine, you're not just spending time together; you're investing in the growth and depth of your relationship. Enjoy this journey of discovery and intimacy, and each session will bring you closer to each other.;
